{
    "bus":0.3,
    "taxi":0.356,
    "walking":0,
    "bicycle":0,
    "tram": 0.000164,
    "subway":0.000164,
    "rail":0.000164
}